{"Name":"GameObject","X":0.120347485,"Y":0.377677768,"Z":90.0,"Children":[{"Name":"CircleSprite(Clone)","X":-3.321039,"Y":1.34855831,"Z":190.0,"Children":[]},{"Name":"RectangleSprite(Clone)","X":5.2159667,"Y":3.61030388,"Z":190.0,"Children":[]},{"Name":"PolygonSprite(Clone)","X":3.99393582,"Y":-2.53778076,"Z":190.0,"Children":[]}]}